{
    "_type": "export",
    "__export_format": 4,
    "__export_date": "2021-09-29T10:39:33.448Z",
    "__export_source": "insomnia.desktop.app:v2021.3.0",
    "resources": [
        {
            "_id": "req_fdbd69ee4c4542e3827d5923bf0e4410",
            "parentId": "fld_a326a0cbb48f427ea0da0ecb18da4bd0",
            "modified": 1623040751874,
            "created": 1623040747453,
            "url": "{{ _.base_url }}/tweets",
            "name": "index",
            "description": "",
            "method": "GET",
            "body": {},
            "parameters": [],
            "headers": [],
            "authentication": {},
            "metaSortKey": -1623031206059,
            "isPrivate": false,
            "settingStoreCookies": true,
            "settingSendCookies": true,
            "settingDisableRenderRequestBody": false,
            "settingEncodeUrl": true,
            "settingRebuildPath": true,
            "settingFollowRedirects": "global",
            "_type": "request"
        },
        {
            "_id": "fld_a326a0cbb48f427ea0da0ecb18da4bd0",
            "parentId": "wrk_7f7ec5c0670d47159b23ef3639718156",
            "modified": 1623043537546,
            "created": 1623040747451,
            "name": "tweets",
            "description": "",
            "environment": {},
            "environmentPropertyOrder": null,
            "metaSortKey": -1623031184767,
            "_type": "request_group"
        },
        {
            "_id": "wrk_7f7ec5c0670d47159b23ef3639718156",
            "parentId": null,
            "modified": 1623031144596,
            "created": 1623031087994,
            "name": "Discogs API",
            "description": "",
            "scope": "collection",
            "_type": "workspace"
        },
        {
            "_id": "req_4ab04d3fa6664af99c03bc4eefc118bc",
            "parentId": "fld_a326a0cbb48f427ea0da0ecb18da4bd0",
            "modified": 1632906289252,
            "created": 1623040747455,
            "url": "{{ _.base_url }}/tweets/4",
            "name": "show",
            "description": "",
            "method": "GET",
            "body": {},
            "parameters": [],
            "headers": [],
            "authentication": {},
            "metaSortKey": -1623031206046.5,
            "isPrivate": false,
            "settingStoreCookies": true,
            "settingSendCookies": true,
            "settingDisableRenderRequestBody": false,
            "settingEncodeUrl": true,
            "settingRebuildPath": true,
            "settingFollowRedirects": "global",
            "_type": "request"
        },
        {
            "_id": "req_d7adcca532c747eabf366b62fe35ca07",
            "parentId": "fld_a326a0cbb48f427ea0da0ecb18da4bd0",
            "modified": 1632908113155,
            "created": 1623040747458,
            "url": "{{ _.base_url }}/tweets",
            "name": "create",
            "description": "",
            "method": "POST",
            "body": {
                "mimeType": "application/json",
                "text": "{\n\t\"user_id\": 5,\n\t\"content\": \"Hello world\"\n}\n"
            },
            "parameters": [],
            "headers": [
                {
                    "name": "Content-Type",
                    "value": "application/json",
                    "id": "pair_8c2d00d772ed4fb5ab3160aae2a85bbf",
                    "disabled": false
                }
            ],
            "authentication": {},
            "metaSortKey": -1623031206034,
            "isPrivate": false,
            "settingStoreCookies": true,
            "settingSendCookies": true,
            "settingDisableRenderRequestBody": false,
            "settingEncodeUrl": true,
            "settingRebuildPath": true,
            "settingFollowRedirects": "global",
            "_type": "request"
        },
        {
            "_id": "req_e3972c29de8645d1b4e99a60cc58b334",
            "parentId": "fld_a326a0cbb48f427ea0da0ecb18da4bd0",
            "modified": 1632908565433,
            "created": 1623040747461,
            "url": "{{ _.base_url }}/tweets/4",
            "name": "delete",
            "description": "",
            "method": "DELETE",
            "body": {},
            "parameters": [],
            "headers": [],
            "authentication": {},
            "metaSortKey": -1623031205984,
            "isPrivate": false,
            "settingStoreCookies": true,
            "settingSendCookies": true,
            "settingDisableRenderRequestBody": false,
            "settingEncodeUrl": true,
            "settingRebuildPath": true,
            "settingFollowRedirects": "global",
            "_type": "request"
        },
        {
            "_id": "env_eea4593126d94a8ca8f8ad317e7784d1ebe11e7f",
            "parentId": "wrk_7f7ec5c0670d47159b23ef3639718156",
            "modified": 1623031088027,
            "created": 1623031088027,
            "name": "Base Environment",
            "data": {},
            "dataPropertyOrder": null,
            "color": null,
            "isPrivate": false,
            "metaSortKey": 1623031088027,
            "_type": "environment"
        },
        {
            "_id": "jar_eea4593126d94a8ca8f8ad317e7784d1ebe11e7f",
            "parentId": "wrk_7f7ec5c0670d47159b23ef3639718156",
            "modified": 1623031088028,
            "created": 1623031088028,
            "name": "Default Jar",
            "cookies": [],
            "_type": "cookie_jar"
        },
        {
            "_id": "spc_a4468ad64623425ea293d5250bd809ff",
            "parentId": "wrk_7f7ec5c0670d47159b23ef3639718156",
            "modified": 1623031087995,
            "created": 1623031087995,
            "fileName": "Insomnia",
            "contents": "",
            "contentType": "yaml",
            "_type": "api_spec"
        },
        {
            "_id": "env_2efb47cb05eb4c2591c111e409852102",
            "parentId": "env_eea4593126d94a8ca8f8ad317e7784d1ebe11e7f",
            "modified": 1623031261421,
            "created": 1623031222957,
            "name": "Twitter Environment",
            "data": {
                "base_url": "http://localhost:5000"
            },
            "dataPropertyOrder": {
                "&": [
                    "base_url"
                ]
            },
            "color": null,
            "isPrivate": false,
            "metaSortKey": 1623031222957,
            "_type": "environment"
        }
    ]
}